Workbook

Sheet 1. Raw Data
A1: RAW COLLECTED DATA — ALL ANALYSIS (Source: Bomb Calorimeter, Carcass Analysis, Feed Records)
A2: Blue = hardcoded source data inputs | Red = FFS3 corrected GE Excreta | These values flow into all calculated sheets
A3: Rep Code | B3: Diet Name | C3: Group | D3: GE Feed (kcal/kg) | E3: GE Excreta (kcal/kg)* | F3: Ti Feed (%) | G3: Ti Excreta (%) | H3: ADFI (g/day) | I3: CFI (g/bird) | J3: BWI (g, Day 1) | K3: BEF (g, Day 10) | L3: Init GE Carc (kcal/kg) | M3: Final GE Carc (kcal/kg) | N3: Carcass Fat (g) | O3: Carcass Protein (g) | P3: n
A4: RD1 | B4: Reference | C4: Cereal | D4: 4271 | E4: 1273.5 | F4: 2.1821604 | G4: 58.636141 | H4: 15.63 | I4: 156.3 | J4: 50 | K4: 132 | L4: 2242 | M4: 2186.5 | N4: 9.480384 | O4: 36.299806 | P4: 3
A5: RD2 | B5: Reference | C5: Cereal | D5: 4323.5 | E5: 1301.25 | F5: 2.5806497 | G5: 101.49971 | H5: 14.08 | I5: 152.425 | J5: 49 | K5: 130 | L5: 2234 | M5: 2198.25 | N5: 8.06156 | O5: 17.222485 | P5: 3
A6: RD3 | B6: Reference | C6: Cereal | D6: 4322 | E6: 1267.25 | F6: 2.23 | G6: 116.04452 | H6: 19.02 | I6: 148.55 | J6: 48 | K6: 113 | L6: 2241 | M6: 2205.5 | N6: 8.513295 | O6: 15.351805 | P6: 3
A7: MZ1 | B7: Maize | C7: Cereal | D7: 4316.5 | E7: 1267.75 | F7: 1.696453 | G7: 37.558003 | H7: 9.78 | I7: 144.675 | J7: 46 | K7: 123 | L7: 2229 | M7: 2188.25 | N7: 8.65712 | O7: 11.087054 | P7: 3
A8: MZ2 | B8: Maize | C8: Cereal | D8: 4310 | E8: 1272 | F8: 2.7315249 | G8: 58.660025 | H8: 16.4 | I8: 140.8 | J8: 46 | K8: 148 | L8: 2189 | M8: 2178 | N8: 6.220181 | O8: 16.99455 | P8: 3
A9: MZ3 | B9: Maize | C9: Cereal | D9: 4308 | E9: 1286 | F9: 1.88 | G9: 105.7773 | H9: 17.73 | I9: 140.8 | J9: 42 | K9: 123 | L9: 2218 | M9: 2232.5 | N9: 8.439909 | O9: 16.323214 | P9: 3
A10: SG1 | B10: Sorghum | C10: Cereal | D10: 4299.5 | E10: 1268.75 | F10: 2.1541056 | G10: 55.665785 | H10: 16.7 | I10: 153.15 | J10: 50 | K10: 151 | L10: 2226 | M10: 2184.25 | N10: 6.626094 | O10: 19.988503 | P10: 3
A11: SG2 | B11: Sorghum | C11: Cereal | D11: 4268 | E11: 1292.75 | F11: 2.3614246 | G11: 42.784977 | H11: 12.07 | I11: 165.5 | J11: 49 | K11: 128 | L11: 2224 | M11: 2227.5 | N11: 7.411308 | O11: 9.465392 | P11: 3
A12: SG3 | B12: Sorghum | C12: Cereal | D12: 4269 | E12: 1266.75 | F12: 2.25 | G12: 118.0891 | H12: 12.37 | I12: 177.85 | J12: 48 | K12: 115 | L12: 2242 | M12: 2214.25 | N12: 8.483268 | O12: 17.456131 | P12: 3
A13: PM1 | B13: Pearl Millet | C13: Cereal | D13: 4305 | E13: 1276.5 | F13: 1.9143836 | G13: 51.192304 | H13: 13.89 | I13: 190.2 | J13: 46 | K13: 143 | L13: 2226 | M13: 2206.25 | N13: 3.9936 | O13: 16.825438 | P13: 3
A14: PM2 | B14: Pearl Millet | C14: Cereal | D14: 4313 | E14: 1267 | F14: 2.84 | G14: 61.728395 | H14: 13.68 | I14: 190.2 | J14: 46 | K14: 120 | L14: 2174 | M14: 2187 | N14: 4.563991 | O14: 16.415474 | P14: 3
A15: PM3 | B15: Pearl Millet | C15: Cereal | D15: 4311 | E15: 1283.75 | F15: 2.32 | G15: 60.940115 | H15: 18.43 | I15: 190.2 | J15: 42 | K15: 141 | L15: 2162 | M15: 2226 | N15: 4.540581 | O15: 12.094862 | P15: 3
... A23: FFS2 | B23: Full-Fat Soya | C23: Protein | D23: 4285 | E23: 1269.5 | F23: 5.1296545 | G23: 40.82727 | H23: 12.63 | I23: 130.9 | J23: 49 | K23: 85 | L23: 2221 | M23: 2227 | N23: 12.038017 | O23: 17.058913 | P23: 3
A24: FFS3 | B24: Full-Fat Soya | C24: Protein | D24: 4283 | E24: =AVERAGE(E22,E23) -> 1266.75 | F24: 2.98 | G24: 105.06403 | H24: 16.7 | I24: 147.45 | J24: 48 | K24: 128 | L24: 2239 | M24: 2205 | N24: 12.766177 | O24: 14.518519 | P24: 3
A25: GNC1 | B25: Groundnut Cake | C25: Protein | D25: 4300.5 | E25: 1287.5 | F25: 2.7041551 | G25: 39.034132 | H25: 16.7 | I25: 164 | J25: 46 | K25: 139 | L25: 2229 | M25: 2210 | N25: 8.5732669 | O25: 17.131034 | P25: 3
A26: GNC2 | B26: Groundnut Cake | C26: Protein | D26: 4271 | E26: 1297.5 | F26: 2.7321228 | G26: 110.16682 | H26: 13.03 | I26: 164 | J26: 46 | K26: 123 | L26: 2177 | M26: 2202.75 | N26: 8.9660176 | O26: 14.213208 | P26: 3
A27: GNC3 | B27: Groundnut Cake | C27: Protein | D27: 4269 | E27: 1302.75 | F27: 2.35 | G27: 81.380208 | H27: 14.83 | I27: 164 | J27: 42 | K27: 141 | L27: 2165 | M27: 2165 | N27: 9.2344055 | O27: 14.457195 | P27: 3
A28: WB1 | B28: Wheat Bran | C28: Fibre | D28: 4284.5 | E28: 1283.5 | F28: 1.5642012 | G28: 48.500882 | H28: 16.58 | I28: 167.325 | J28: 50 | K28: 144 | L28: 2240 | M28: 2187.25 | N28: 6.0582714 | O28: 10.882388 | P28: 3
A29: WB2 | B29: Wheat Bran | C29: Fibre | D29: 4310 | E29: 1272.25 | F29: 2.3117484 | G29: 46.006849 | H29: 12.47 | I29: 170.65 | J29: 49 | K29: 140 | L29: 2233 | M29: 2208.75 | N29: 9.5071433 | O29: 11.737428 | P29: 3
A30: WB3 | B30: Wheat Bran | C30: Fibre | D30: 4309 | E30: 1280.25 | F30: 1.89 | G30: 114.9385 | H30: 15.72 | I30: 173.975 | J30: 48 | K30: 129 | L30: 2239.5 | M30: 2175 | N30: 5.9953759 | O30: 18.067039 | P30: 3
A31: BDG1 | B31: Brewers Dried Grain | C31: Fibre | D31: 4258 | E31: 1277.25 | F31: 1.7204082 | G31: 41.536864 | H31: 10.47 | I31: 177.3 | J31: 46 | K31: 129 | L31: 2230 | M31: 2183.5 | N31: 3.8306691 | O31: 10.079365 | P31: 3
A32: BDG2 | B32: Brewers Dried Grain | C32: Fibre | D32: 4274.5 | E32: 1276.5 | F32: 4.0554612 | G32: 103.27865 | H32: 15.23 | I32: 177.3 | J32: 46 | K32: 131 | L32: 2190.5 | M32: 2219.5 | N32: 3.912603 | O32: 8.1635496 | P32: 3
A33: BDG3 | B33: Brewers Dried Grain | C33: Fibre | D33: 4273 | E33: 1279.25 | F33: 3.05 | G33: 77.683363 | H33: 12.25 | I33: 177.3 | J33: 42 | K33: 123 | L33: 2220 | M33: 2201.5 | N33: 4.3969389 | O33: 31.860118 | P33: 3
A34: RB1 | B34: Rice Bran | C34: Fibre | D34: 4299.5 | E34: 1270.75 | F34: 3.2006567 | G34: 53.224682 | H34: 13.9 | I34: 174.725 | J34: 50 | K34: 126 | L34: 2228.5 | M34: 2213.25 | N34: 8.2735 | O34: 20.409461 | P34: 3
A35: RB2 | B35: Rice Bran | C35: Fibre | D35: 4302.5 | E35: 1283.75 | F35: 2.5904064 | G35: 76.534304 | H35: 12.47 | I35: 172.15 | J35: 49 | K35: 138 | L35: 2222.5 | M35: 2195.75 | N35: 8.7451049 | O35: 11.93174 | P35: 3
A36: RB3 | B36: Rice Bran | C36: Fibre | D36: 4301 | E36: 1278.25 | F36: 2.87 | G36: 51.030446 | H36: 12.15 | I36: 169.575 | J36: 48 | K36: 126 | L36: 2240.5 | M36: 2193 | N36: 6.283446 | O36: 17.428684 | P36: 3
... A39: CB3 | B39: Corn Bran | C39: Fibre | D39: 4318 | E39: 1274 | F39: 2.9 | G39: 97.721451 | H39: 14.27 | I39: 155.425 | J39: 42 | K39: 132 | L39: 2163.5 | M39: 2174 | N39: 8.9619175 | O39: 23.679689 | P39: 3
A41: NOTE: FFS3 GE Excreta (col E) is computed via Excel formula =AVERAGE(FFS1, FFS2) because the original value (321,208.5 kcal/kg) was a data entry error causing ME = –4,827 kcal/kg. Corrected to 1,266.75 kcal/kg. All subsequent sheets reference col E so this correction propagates automatically.
A42: Blue = Source input data | F42: Red/pink = Corrected FFS3 GE Excreta (formula) | K42: Green = Calculated values (see Sheet 2)

Sheet 2. Corrected Calculations
A1: CORRECTED CALCULATIONS — All values computed by formula from Sheet 1 Raw Data
A2: Green = calculated from raw data | All formulas reference Sheet "1. Raw Data" | Change raw data → all values update
A3: Rep Code | B3: Diet Name | C3: Group | D3: ME (kcal/kg) | E3: MEI (kcal/bird) | F3: RE / NEp (kcal/bird) | G3: HP (kcal/bird) | H3: REF (kcal) | I3: REP (kcal) | J3: KREF | K3: KREP | L3: Fat % (corrected) | M3: Protein % (corrected) | N3: BWG (g) | O3: BWI (g) | P3: BEF (g) | Q3: CFI (g) | R3: ADFI (g/d) | S3: Init GE Carc (kcal/kg) | T3: Final GE Carc (kcal/kg)
J4: REF/MEI (formula) | K4: REP/MEI (formula)
A5: RD1 | B5: Reference | C5: Cereal | D5: ='1. Raw Data'!D4-'1. Raw Data'!E4*('1. Raw Data'!F4/'1. Raw Data'!G4) -> 4223.6063 | E5: =D5*'1. Raw Data'!I4/1000 -> 660.14967 | F5: =('1. Raw Data'!M4*'1. Raw Data'!K4-'1. Raw Data'!L4*'1. Raw Data'!J4)/1000 -> 176.518 | G5: =E5-F5 -> 483.63167 | H5: ='1. Raw Data'!N4*9.13 -> 86.555906 | I5: ='1. Raw Data'!O4*5.64 -> 204.73091 | J5: =H5/E5 -> 0.13111558 | K5: =I5/E5 -> 0.31012801 | L5: ='1. Raw Data'!N4/'1. Raw Data'!K4*100 -> 7.1821091 | M5: ='1. Raw Data'!O4/'1. Raw Data'!K4*100 -> 27.499853 | N5: ='1. Raw Data'!K4-'1. Raw Data'!J4 -> 82 | O5: ='1. Raw Data'!J4 -> 50 | P5: ='1. Raw Data'!K4 -> 132 | Q5: ='1. Raw Data'!I4 -> 156.3 | R5: ='1. Raw Data'!H4 -> 15.63 | S5: ='1. Raw Data'!L4 -> 2242 | T5: ='1. Raw Data'!M4 -> 2186.5
A6: RD2 | B6: Reference | C6: Cereal | D6: ='1. Raw Data'!D5-'1. Raw Data'!E5*('1. Raw Data'!F5/'1. Raw Data'!G5) -> 4290.4155 | E6: =D6*'1. Raw Data'!I5/1000 -> 653.96658 | F6: =('1. Raw Data'!M5*'1. Raw Data'!K5-'1. Raw Data'!L5*'1. Raw Data'!J5)/1000 -> 176.3065 | G6: =E6-F6 -> 477.66008 | H6: ='1. Raw Data'!N5*9.13 -> 73.602043 | I6: ='1. Raw Data'!O5*5.64 -> 97.134817 | J6: =H6/E6 -> 0.1125471 | K6: =I6/E6 -> 0.14853177 | L6: ='1. Raw Data'!N5/'1. Raw Data'!K5*100 -> 6.2012 | M6: ='1. Raw Data'!O5/'1. Raw Data'!K5*100 -> 13.248066 | N6: ='1. Raw Data'!K5-'1. Raw Data'!J5 -> 81 | O6: ='1. Raw Data'!J5 -> 49 | P6: ='1. Raw Data'!K5 -> 130 | Q6: ='1. Raw Data'!I5 -> 152.425 | R6: ='1. Raw Data'!H5 -> 14.08 | S6: ='1. Raw Data'!L5 -> 2234 | T6: ='1. Raw Data'!M5 -> 2198.25
A7: RD3 | B7: Reference | C7: Cereal | D7: ='1. Raw Data'!D6-'1. Raw Data'!E6*('1. Raw Data'!F6/'1. Raw Data'!G6) -> 4297.6476 | E7: =D7*'1. Raw Data'!I6/1000 -> 638.41554 | F7: =('1. Raw Data'!M6*'1. Raw Data'!K6-'1. Raw Data'!L6*'1. Raw Data'!J6)/1000 -> 141.6535 | G7: =E7-F7 -> 496.76204 | H7: ='1. Raw Data'!N6*9.13 -> 77.726383 | I7: ='1. Raw Data'!O6*5.64 -> 86.58418 | J7: =H7/E7 -> 0.12174889 | K7: =I7/E7 -> 0.13562355 | L7: ='1. Raw Data'!N6/'1. Raw Data'!K6*100 -> 7.5338894 | M7: ='1. Raw Data'!O6/'1. Raw Data'!K6*100 -> 13.585668 | N7: ='1. Raw Data'!K6-'1. Raw Data'!J6 -> 65 | O7: ='1. Raw Data'!J6 -> 48 | P7: ='1. Raw Data'!K6 -> 113 | Q7: ='1. Raw Data'!I6 -> 148.55 | R7: ='1. Raw Data'!H6 -> 19.02 | S7: ='1. Raw Data'!L6 -> 2241 | T7: ='1. Raw Data'!M6 -> 2205.5
A8: MZ1 | B8: Maize | C8: Cereal | D8: ='1. Raw Data'!D7-'1. Raw Data'!E7*('1. Raw Data'!F7/'1. Raw Data'!G7) -> 4259.2371 | E8: =D8*'1. Raw Data'!I7/1000 -> 616.20513 | F8: =('1. Raw Data'!M7*'1. Raw Data'!K7-'1. Raw Data'!L7*'1. Raw Data'!J7)/1000 -> 166.62075 | G8: =E8-F8 -> 449.58438 | H8: ='1. Raw Data'!N7*9.13 -> 79.039506 | I8: ='1. Raw Data'!O7*5.64 -> 62.530987 | J8: =H8/E8 -> 0.12826817 | K8: =I8/E8 -> 0.10147755 | L8: ='1. Raw Data'!N7/'1. Raw Data'!K7*100 -> 7.0383089 | M8: ='1. Raw Data'!O7/'1. Raw Data'!K7*100 -> 9.0138654 | N8: ='1. Raw Data'!K7-'1. Raw Data'!J7 -> 77 | O8: ='1. Raw Data'!J7 -> 46 | P8: ='1. Raw Data'!K7 -> 123 | Q8: ='1. Raw Data'!I7 -> 144.675 | R8: ='1. Raw Data'!H7 -> 9.78 | S8: ='1. Raw Data'!L7 -> 2229 | T8: ='1. Raw Data'!M7 -> 2188.25
A9: MZ2 | B9: Maize | C9: Cereal | D9: ='1. Raw Data'!D8-'1. Raw Data'!E8*('1. Raw Data'!F8/'1. Raw Data'!G8) -> 4250.7689 | E9: =D9*'1. Raw Data'!I8/1000 -> 598.50826 | F9: =('1. Raw Data'!M8*'1. Raw Data'!K8-'1. Raw Data'!L8*'1. Raw Data'!J8)/1000 -> 221.65 | G9: =E9-F9 -> 376.85826 | H9: ='1. Raw Data'!N8*9.13 -> 56.790253 | I9: ='1. Raw Data'!O8*5.64 -> 95.849264 | J9: =H9/E9 -> 0.094886331 | K9: =I9/E9 -> 0.16014694 | L9: ='1. Raw Data'!N8/'1. Raw Data'!K8*100 -> 4.202825 | M9: ='1. Raw Data'!O8/'1. Raw Data'!K8*100 -> 11.482804 | N9: ='1. Raw Data'!K8-'1. Raw Data'!J8 -> 102 | O9: ='1. Raw Data'!J8 -> 46 | P9: ='1. Raw Data'!K8 -> 148 | Q9: ='1. Raw Data'!I8 -> 140.8 | R9: ='1. Raw Data'!H8 -> 16.4 | S9: ='1. Raw Data'!L8 -> 2189 | T9: ='1. Raw Data'!M8 -> 2178
A10: MZ3 | B10: Maize | C10: Cereal | D10: ='1. Raw Data'!D9-'1. Raw Data'!E9*('1. Raw Data'!F9/'1. Raw Data'!G9) -> 4285.1437 | E10: =D10*'1. Raw Data'!I9/1000 -> 603.34823 | F10: =('1. Raw Data'!M9*'1. Raw Data'!K9-'1. Raw Data'!L9*'1. Raw Data'!J9)/1000 -> 181.4415 | G10: =E10-F10 -> 421.90673 | H10: ='1. Raw Data'!N9*9.13 -> 77.056369 | I10: ='1. Raw Data'!O9*5.64 -> 92.062929 | J10: =H10/E10 -> 0.12771459 | K10: =I10/E10 -> 0.15258672 | L10: ='1. Raw Data'!N9/'1. Raw Data'!K9*100 -> 6.8617146 | M10: ='1. Raw Data'!O9/'1. Raw Data'!K9*100 -> 13.270906 | N10: ='1. Raw Data'!K9-'1. Raw Data'!J9 -> 81 | O10: ='1. Raw Data'!J9 -> 42 | P10: ='1. Raw Data'!K9 -> 123 | Q10: ='1. Raw Data'!I9 -> 140.8 | R10: ='1. Raw Data'!H9 -> 17.73 | S10: ='1. Raw Data'!L9 -> 2218 | T10: ='1. Raw Data'!M9 -> 2232.5
A11: SG1 | B11: Sorghum | C11: Cereal | D11: ='1. Raw Data'!D10-'1. Raw Data'!E10*('1. Raw Data'!F10/'1. Raw Data'!G10) -> 4250.403 | E11: =D11*'1. Raw Data'!I10/1000 -> 650.94922 | F11: =('1. Raw Data'!M10*'1. Raw Data'!K10-'1. Raw Data'!L10*'1. Raw Data'!J10)/1000 -> 218.52175 | G11: =E11-F11 -> 432.42747 | H11: ='1. Raw Data'!N10*9.13 -> 60.496238 | I11: ='1. Raw Data'!O10*5.64 -> 112.73516 | J11: =H11/E11 -> 0.092935418 | K11: =I11/E11 -> 0.1731858 | L11: ='1. Raw Data'!N10/'1. Raw Data'!K10*100 -> 4.3881417 | M11: ='1. Raw Data'!O10/'1. Raw Data'!K10*100 -> 13.23742 | N11: ='1. Raw Data'!K10-'1. Raw Data'!J10 -> 101 | O11: ='1. Raw Data'!J10 -> 50 | P11: ='1. Raw Data'!K10 -> 151 | Q11: ='1. Raw Data'!I10 -> 153.15 | R11: ='1. Raw Data'!H10 -> 16.7 | S11: ='1. Raw Data'!L10 -> 2226 | T11: ='1. Raw Data'!M10 -> 2184.25
A12: SG2 | B12: Sorghum | C12: Cereal | D12: ='1. Raw Data'!D11-'1. Raw Data'!E11*('1. Raw Data'!F11/'1. Raw Data'!G11) -> 4196.6495 | E12: =D12*'1. Raw Data'!I11/1000 -> 694.54548 | F12: =('1. Raw Data'!M11*'1. Raw Data'!K11-'1. Raw Data'!L11*'1. Raw Data'!J11)/1000 -> 176.144 | G12: =E12-F12 -> 518.40148 | H12: ='1. Raw Data'!N11*9.13 -> 67.665242 | I12: ='1. Raw Data'!O11*5.64 -> 53.384811 | J12: =H12/E12 -> 0.097423774 | K12: =I12/E12 -> 0.076862944 | L12: ='1. Raw Data'!N11/'1. Raw Data'!K11*100 -> 5.7900844 | M12: ='1. Raw Data'!O11/'1. Raw Data'!K11*100 -> 7.3948375 | N12: ='1. Raw Data'!K11-'1. Raw Data'!J11 -> 79 | O12: ='1. Raw Data'!J11 -> 49 | P12: ='1. Raw Data'!K11 -> 128 | Q12: ='1. Raw Data'!I11 -> 165.5 | R12: ='1. Raw Data'!H11 -> 12.07 | S12: ='1. Raw Data'!L11 -> 2224 | T12: ='1. Raw Data'!M11 -> 2227.5
A13: SG3 | B13: Sorghum | C13: Cereal | D13: ='1. Raw Data'!D12-'1. Raw Data'!E12*('1. Raw Data'!F12/'1. Raw Data'!G12) -> 4244.8641 | E13: =D13*'1. Raw Data'!I12/1000 -> 754.94908 | F13: =('1. Raw Data'!M12*'1. Raw Data'!K12-'1. Raw Data'!L12*'1. Raw Data'!J12)/1000 -> 147.02275 | G13: =E13-F13 -> 607.92633 | H13: ='1. Raw Data'!N12*9.13 -> 77.452237 | I13: ='1. Raw Data'!O12*5.64 -> 98.452578 | J13: =H13/E13 -> 0.10259266 | K13: =I13/E13 -> 0.13040956 | L13: ='1. Raw Data'!N12/'1. Raw Data'!K12*100 -> 7.3767548 | M13: ='1. Raw Data'!O12/'1. Raw Data'!K12*100 -> 15.179244 | N13: ='1. Raw Data'!K12-'1. Raw Data'!J12 -> 67 | O13: ='1. Raw Data'!J12 -> 48 | P13: ='1. Raw Data'!K12 -> 115 | Q13: ='1. Raw Data'!I12 -> 177.85 | R13: ='1. Raw Data'!H12 -> 12.37 | S13: ='1. Raw Data'!L12 -> 2242 | T13: ='1. Raw Data'!M12 -> 2214.25
A14: PM1 | B14: Pearl Millet | C14: Cereal | D14: ='1. Raw Data'!D13-'1. Raw Data'!E13*('1. Raw Data'!F13/'1. Raw Data'!G13) -> 4257.2641 | E14: =D14*'1. Raw Data'!I13/1000 -> 809.73163 | F14: =('1. Raw Data'!M13*'1. Raw Data'!K13-'1. Raw Data'!L13*'1. Raw Data'!J13)/1000 -> 213.09775 | G14: =E14-F14 -> 596.63388 | H14: ='1. Raw Data'!N13*9.13 -> 36.461568 | I14: ='1. Raw Data'!O13*5.64 -> 94.895469 | J14: =H14/E14 -> 0.0450292 | K14: =I14/E14 -> 0.11719373 | L14: ='1. Raw Data'!N13/'1. Raw Data'!K13*100 -> 2.7927273 | M14: ='1. Raw Data'!O13/'1. Raw Data'!K13*100 -> 11.76604 | N14: ='1. Raw Data'!K13-'1. Raw Data'!J13 -> 97 | O14: ='1. Raw Data'!J13 -> 46 | P14: ='1. Raw Data'!K13 -> 143 | Q14: ='1. Raw Data'!I13 -> 190.2 | R14: ='1. Raw Data'!H13 -> 13.89 | S14: ='1. Raw Data'!L13 -> 2226 | T14: ='1. Raw Data'!M13 -> 2206.25
A15: PM2 | B15: Pearl Millet | C15: Cereal | D15: ='1. Raw Data'!D14-'1. Raw Data'!E14*('1. Raw Data'!F14/'1. Raw Data'!G14) -> 4254.7079 | E15: =D15*'1. Raw Data'!I14/1000 -> 809.24544 | F15: =('1. Raw Data'!M14*'1. Raw Data'!K14-'1. Raw Data'!L14*'1. Raw Data'!J14)/1000 -> 162.436 | G15: =E15-F15 -> 646.80944 | H15: ='1. Raw Data'!N14*9.13 -> 41.669238 | I15: ='1. Raw Data'!O14*5.64 -> 92.583273 | J15: =H15/E15 -> 0.051491471 | K15: =I15/E15 -> 0.11440691 | L15: ='1. Raw Data'!N14/'1. Raw Data'!K14*100 -> 3.8033258 | M15: ='1. Raw Data'!O14/'1. Raw Data'!K14*100 -> 13.679562 | N15: ='1. Raw Data'!K14-'1. Raw Data'!J14 -> 74 | O15: ='1. Raw Data'!J14 -> 46 | P15: ='1. Raw Data'!K14 -> 120 | Q15: ='1. Raw Data'!I14 -> 190.2 | R15: ='1. Raw Data'!H14 -> 13.68 | S15: ='1. Raw Data'!L14 -> 2174 | T15: ='1. Raw Data'!M14 -> 2187
A16: PM3 | B16: Pearl Millet | C16: Cereal | D16: ='1. Raw Data'!D15-'1. Raw Data'!E15*('1. Raw Data'!F15/'1. Raw Data'!G15) -> 4262.1274 | E16: =D16*'1. Raw Data'!I15/1000 -> 810.65664 | F16: =('1. Raw Data'!M15*'1. Raw Data'!K15-'1. Raw Data'!L15*'1. Raw Data'!J15)/1000 -> 223.062 | G16: =E16-F16 -> 587.59464 | H16: ='1. Raw Data'!N15*9.13 -> 41.455505 | I16: ='1. Raw Data'!O15*5.64 -> 68.21502 | J16: =H16/E16 -> 0.051138179 | K16: =I16/E16 -> 0.084147858 | L16: ='1. Raw Data'!N15/'1. Raw Data'!K15*100 -> 3.2202702 | M16: ='1. Raw Data'!O15/'1. Raw Data'!K15*100 -> 8.5779161 | N16: ='1. Raw Data'!K15-'1. Raw Data'!J15 -> 99 | O16: ='1. Raw Data'!J15 -> 42 | P16: ='1. Raw Data'!K15 -> 141 | Q16: ='1. Raw Data'!I15 -> 190.2 | R16: ='1. Raw Data'!H15 -> 18.43 | S16: ='1. Raw Data'!L15 -> 2162 | T16: ='1. Raw Data'!M15 -> 2226
... A40: CB3 | B40: Corn Bran | C40: Fibre | D40: ='1. Raw Data'!D39-'1. Raw Data'!E39*('1. Raw Data'!F39/'1. Raw Data'!G39) -> 4280.1925 | E40: =D40*'1. Raw Data'!I39/1000 -> 665.24893 | F40: =('1. Raw Data'!M39*'1. Raw Data'!K39-'1. Raw Data'!L39*'1. Raw Data'!J39)/1000 -> 196.101 | G40: =E40-F40 -> 469.14793 | H40: ='1. Raw Data'!N39*9.13 -> 81.822307 | I40: ='1. Raw Data'!O39*5.64 -> 133.55345 | J40: =H40/E40 -> 0.12299502 | K40: =I40/E40 -> 0.2007571 | L40: ='1. Raw Data'!N39/'1. Raw Data'!K39*100 -> 6.7893314 | M40: ='1. Raw Data'!O39/'1. Raw Data'!K39*100 -> 17.939158 | N40: ='1. Raw Data'!K39-'1. Raw Data'!J39 -> 90 | O40: ='1. Raw Data'!J39 -> 42 | P40: ='1. Raw Data'!K39 -> 132 | Q40: ='1. Raw Data'!I39 -> 155.425 | R40: ='1. Raw Data'!H39 -> 14.27 | S40: ='1. Raw Data'!L39 -> 2163.5 | T40: ='1. Raw Data'!M39 -> 2174
A42: CORRECTION NOTES: (1) ME = GE_Feed − GE_Excreta × (Ti_Feed/Ti_Excreta) [marker method, AOAC 1990] | (2) MEI = ME × CFI / 1000 | (3) RE = (Final_GE_Carc × BEF − Init_GE_Carc × BWI) / 1000 [van der Klein et al., 2020] | (4) HP = MEI − RE | (5) REF = Carcass fat (g) × 9.13 kcal/g [CORRECTED from 38.2 kJ/g] | (6) REP = Carcass protein (g) × 5.64 kcal/g [CORRECTED from 23.6 kJ/g] | (7) Fat% = Carc_Fat/BEF × 100 [CORRECTED: original reported grams as %]

Sheet 3. Treatment Means (T4.6-4.8)
A1: TREATMENT MEANS — CST Energy Partitioning (Tables 4.6, 4.7, 4.8) | All means computed by formula from Sheet 2 | AVERAGEIF by diet name
A2: Group | B2: Diet | C2: n | D2: MEI Mean (kcal) | E2: MEI SD | F2: RE/NEp Mean (kcal) | G2: RE/NEp SD | H2: HP Mean (kcal) | I2: HP SD | J2: REF Mean (kcal) | K2: REF SD | L2: REP Mean (kcal) | M2: REP SD | N2: KREF Mean | O2: KREF SD | P2: KREP Mean
A3: Cereal Diets
A4: Cereal | B4: Reference | C4: 3 | D4: =AVERAGEIF('2. Corrected Calculations'!B5:B40,B4,'2. Corrected Calculations'!E5:E40) -> 650.84393 | E4: =IFERROR(STDEV(IF('2. Corrected Calculations'!B5:B40=B4,'2. Corrected Calculations'!E5:E40)),0) -> 0 | F4: =AVERAGEIF('2. Corrected Calculations'!B5:B40,B4,'2. Corrected Calculations'!F5:F40) -> 164.826 | G4: =IFERROR(STDEV(IF('2. Corrected Calculations'!B5:B40=B4,'2. Corrected Calculations'!F5:F40)),0) -> 0 | H4: =AVERAGEIF('2. Corrected Calculations'!B5:B40,B4,'2. Corrected Calculations'!G5:G40) -> 486.01793 | I4: =IFERROR(STDEV(IF('2. Corrected Calculations'!B5:B40=B4,'2. Corrected Calculations'!G5:G40)),0) -> 0 | J4: =AVERAGEIF('2. Corrected Calculations'!B5:B40,B4,'2. Corrected Calculations'!H5:H40) -> 79.294777 | K4: =IFERROR(STDEV(IF('2. Corrected Calculations'!B5:B40=B4,'2. Corrected Calculations'!H5:H40)),0) -> 0 | L4: =AVERAGEIF('2. Corrected Calculations'!B5:B40,B4,'2. Corrected Calculations'!I5:I40) -> 129.4833 | M4: =IFERROR(STDEV(IF('2. Corrected Calculations'!B5:B40=B4,'2. Corrected Calculations'!I5:I40)),0) -> 0 | N4: =AVERAGEIF('2. Corrected Calculations'!B5:B40,B4,'2. Corrected Calculations'!J5:J40) -> 0.12180386 | O4: =IFERROR(STDEV(IF('2. Corrected Calculations'!B5:B40=B4,'2. Corrected Calculations'!J5:J40)),0) -> 0 | P4: =AVERAGEIF('2. Corrected Calculations'!B5:B40,B4,'2. Corrected Calculations'!K5:K40) -> 0.19809445
A5: Cereal | B5: Maize | C5: 3 | D5: =AVERAGEIF('2. Corrected Calculations'!B5:B40,B5,'2. Corrected Calculations'!E5:E40) -> 606.02054 | E5: =IFERROR(STDEV(IF('2. Corrected Calculations'!B5:B40=B5,'2. Corrected Calculations'!E5:E40)),0) -> 0 | F5: =AVERAGEIF('2. Corrected Calculations'!B5:B40,B5,'2. Corrected Calculations'!F5:F40) -> 189.90408 | G5: =IFERROR(STDEV(IF('2. Corrected Calculations'!B5:B40=B5,'2. Corrected Calculations'!F5:F40)),0) -> 0 | H5: =AVERAGEIF('2. Corrected Calculations'!B5:B40,B5,'2. Corrected Calculations'!G5:G40) -> 416.11646 | I5: =IFERROR(STDEV(IF('2. Corrected Calculations'!B5:B40=B5,'2. Corrected Calculations'!G5:G40)),0) -> 0 | J5: =AVERAGEIF('2. Corrected Calculations'!B5:B40,B5,'2. Corrected Calculations'!H5:H40) -> 70.962042 | K5: =IFERROR(STDEV(IF('2. Corrected Calculations'!B5:B40=B5,'2. Corrected Calculations'!H5:H40)),0) -> 0 | L5: =AVERAGEIF('2. Corrected Calculations'!B5:B40,B5,'2. Corrected Calculations'!I5:I40) -> 83.48106 | M5: =IFERROR(STDEV(IF('2. Corrected Calculations'!B5:B40=B5,'2. Corrected Calculations'!I5:I40)),0) -> 0 | N5: =AVERAGEIF('2. Corrected Calculations'!B5:B40,B5,'2. Corrected Calculations'!J5:J40) -> 0.11695636 | O5: =IFERROR(STDEV(IF('2. Corrected Calculations'!B5:B40=B5,'2. Corrected Calculations'!J5:J40)),0) -> 0 | P5: =AVERAGEIF('2. Corrected Calculations'!B5:B40,B5,'2. Corrected Calculations'!K5:K40) -> 0.1380704
A6: Cereal | B6: Pearl Millet | C6: 3 | D6: =AVERAGEIF('2. Corrected Calculations'!B5:B40,B6,'2. Corrected Calculations'!E5:E40) -> 809.8779 | E6: =IFERROR(STDEV(IF('2. Corrected Calculations'!B5:B40=B6,'2. Corrected Calculations'!E5:E40)),0) -> 0 | F6: =AVERAGEIF('2. Corrected Calculations'!B5:B40,B6,'2. Corrected Calculations'!F5:F40) -> 199.53192 | G6: =IFERROR(STDEV(IF('2. Corrected Calculations'!B5:B40=B6,'2. Corrected Calculations'!F5:F40)),0) -> 0 | H6: =AVERAGEIF('2. Corrected Calculations'!B5:B40,B6,'2. Corrected Calculations'!G5:G40) -> 610.34599 | I6: =IFERROR(STDEV(IF('2. Corrected Calculations'!B5:B40=B6,'2. Corrected Calculations'!G5:G40)),0) -> 0 | J6: =AVERAGEIF('2. Corrected Calculations'!B5:B40,B6,'2. Corrected Calculations'!H5:H40) -> 39.862103 | K6: =IFERROR(STDEV(IF('2. Corrected Calculations'!B5:B40=B6,'2. Corrected Calculations'!H5:H40)),0) -> 0 | L6: =AVERAGEIF('2. Corrected Calculations'!B5:B40,B6,'2. Corrected Calculations'!I5:I40) -> 85.231254 | M6: =IFERROR(STDEV(IF('2. Corrected Calculations'!B5:B40=B6,'2. Corrected Calculations'!I5:I40)),0) -> 0 | N6: =AVERAGEIF('2. Corrected Calculations'!B5:B40,B6,'2. Corrected Calculations'!J5:J40) -> 0.049219617 | O6: =IFERROR(STDEV(IF('2. Corrected Calculations'!B5:B40=B6,'2. Corrected Calculations'!J5:J40)),0) -> 0 | P6: =AVERAGEIF('2. Corrected Calculations'!B5:B40,B6,'2. Corrected Calculations'!K5:K40) -> 0.1052495
A7: Cereal | B7: Sorghum | C7: 3 | D7: =AVERAGEIF('2. Corrected Calculations'!B5:B40,B7,'2. Corrected Calculations'!E5:E40) -> 700.14793 | E7: =IFERROR(STDEV(IF('2. Corrected Calculations'!B5:B40=B7,'2. Corrected Calculations'!E5:E40)),0) -> 0 | F7: =AVERAGEIF('2. Corrected Calculations'!B5:B40,B7,'2. Corrected Calculations'!F5:F40) -> 180.56283 | G7: =IFERROR(STDEV(IF('2. Corrected Calculations'!B5:B40=B7,'2. Corrected Calculations'!F5:F40)),0) -> 0 | H7: =AVERAGEIF('2. Corrected Calculations'!B5:B40,B7,'2. Corrected Calculations'!G5:G40) -> 519.5851 | I7: =IFERROR(STDEV(IF('2. Corrected Calculations'!B5:B40=B7,'2. Corrected Calculations'!G5:G40)),0) -> 0 | J7: =AVERAGEIF('2. Corrected Calculations'!B5:B40,B7,'2. Corrected Calculations'!H5:H40) -> 68.537906 | K7: =IFERROR(STDEV(IF('2. Corrected Calculations'!B5:B40=B7,'2. Corrected Calculations'!H5:H40)),0) -> 0 | L7: =AVERAGEIF('2. Corrected Calculations'!B5:B40,B7,'2. Corrected Calculations'!I5:I40) -> 88.190849 | M7: =IFERROR(STDEV(IF('2. Corrected Calculations'!B5:B40=B7,'2. Corrected Calculations'!I5:I40)),0) -> 0 | N7: =AVERAGEIF('2. Corrected Calculations'!B5:B40,B7,'2. Corrected Calculations'!J5:J40) -> 0.097650618 | O7: =IFERROR(STDEV(IF('2. Corrected Calculations'!B5:B40=B7,'2. Corrected Calculations'!J5:J40)),0) -> 0 | P7: =AVERAGEIF('2. Corrected Calculations'!B5:B40,B7,'2. Corrected Calculations'!K5:K40) -> 0.12681943
A8: Cereal | B8: Wheat | C8: 3 | D8: =AVERAGEIF('2. Corrected Calculations'!B5:B40,B8,'2. Corrected Calculations'!E5:E40) -> 608.63447 | E8: =IFERROR(STDEV(IF('2. Corrected Calculations'!B5:B40=B8,'2. Corrected Calculations'!E5:E40)),0) -> 0 | F8: =AVERAGEIF('2. Corrected Calculations'!B5:B40,B8,'2. Corrected Calculations'!F5:F40) -> 210.20133 | G8: =IFERROR(STDEV(IF('2. Corrected Calculations'!B5:B40=B8,'2. Corrected Calculations'!F5:F40)),0) -> 0 | H8: =AVERAGEIF('2. Corrected Calculations'!B5:B40,B8,'2. Corrected Calculations'!G5:G40) -> 398.43313 | I8: =IFERROR(STDEV(IF('2. Corrected Calculations'!B5:B40=B8,'2. Corrected Calculations'!G5:G40)),0) -> 0 | J8: =AVERAGEIF('2. Corrected Calculations'!B5:B40,B8,'2. Corrected Calculations'!H5:H40) -> 33.273832 | K8: =IFERROR(STDEV(IF('2. Corrected Calculations'!B5:B40=B8,'2. Corrected Calculations'!H5:H40)),0) -> 0 | L8: =AVERAGEIF('2. Corrected Calculations'!B5:B40,B8,'2. Corrected Calculations'!I5:I40) -> 96.043412 | M8: =IFERROR(STDEV(IF('2. Corrected Calculations'!B5:B40=B8,'2. Corrected Calculations'!I5:I40)),0) -> 0 | N8: =AVERAGEIF('2. Corrected Calculations'!B5:B40,B8,'2. Corrected Calculations'!J5:J40) -> 0.056303922 | O8: =IFERROR(STDEV(IF('2. Corrected Calculations'!B5:B40=B8,'2. Corrected Calculations'!J5:J40)),0) -> 0 | P8: =AVERAGEIF('2. Corrected Calculations'!B5:B40,B8,'2. Corrected Calculations'!K5:K40) -> 0.16356985
A10: Protein Diets
A11: Protein | B11: Reference | C11: 3 | D11: =AVERAGEIF('2. Corrected Calculations'!B5:B40,B11,'2. Corrected Calculations'!E5:E40) -> 650.84393 | E11: =IFERROR(STDEV(IF('2. Corrected Calculations'!B5:B40=B11,'2. Corrected Calculations'!E5:E40)),0) -> 0 | F11: =AVERAGEIF('2. Corrected Calculations'!B5:B40,B11,'2. Corrected Calculations'!F5:F40) -> 164.826 | G11: =IFERROR(STDEV(IF('2. Corrected Calculations'!B5:B40=B11,'2. Corrected Calculations'!F5:F40)),0) -> 0 | H11: =AVERAGEIF('2. Corrected Calculations'!B5:B40,B11,'2. Corrected Calculations'!G5:G40) -> 486.01793 | I11: =IFERROR(STDEV(IF('2. Corrected Calculations'!B5:B40=B11,'2. Corrected Calculations'!G5:G40)),0) -> 0 | J11: =AVERAGEIF('2. Corrected Calculations'!B5:B40,B11,'2. Corrected Calculations'!H5:H40) -> 79.294777 | K11: =IFERROR(STDEV(IF('2. Corrected Calculations'!B5:B40=B11,'2. Corrected Calculations'!H5:H40)),0) -> 0 | L11: =AVERAGEIF('2. Corrected Calculations'!B5:B40,B11,'2. Corrected Calculations'!I5:I40) -> 129.4833 | M11: =IFERROR(STDEV(IF('2. Corrected Calculations'!B5:B40=B11,'2. Corrected Calculations'!I5:I40)),0) -> 0 | N11: =AVERAGEIF('2. Corrected Calculations'!B5:B40,B11,'2. Corrected Calculations'!J5:J40) -> 0.12180386 | O11: =IFERROR(STDEV(IF('2. Corrected Calculations'!B5:B40=B11,'2. Corrected Calculations'!J5:J40)),0) -> 0 | P11: =AVERAGEIF('2. Corrected Calculations'!B5:B40,B11,'2. Corrected Calculations'!K5:K40) -> 0.19809445
A12: Protein | B12: Full-Fat Soya | C12: 3 | D12: =AVERAGEIF('2. Corrected Calculations'!B5:B40,B12,'2. Corrected Calculations'!E5:E40) -> 548.23149 | E12: =IFERROR(STDEV(IF('2. Corrected Calculations'!B5:B40=B12,'2. Corrected Calculations'!E5:E40)),0) -> 0 | F12: =AVERAGEIF('2. Corrected Calculations'!B5:B40,B12,'2. Corrected Calculations'!F5:F40) -> 170.30583 | G12: =IFERROR(STDEV(IF('2. Corrected Calculations'!B5:B40=B12,'2. Corrected Calculations'!F5:F40)),0) -> 0 | H12: =AVERAGEIF('2. Corrected Calculations'!B5:B40,B12,'2. Corrected Calculations'!G5:G40) -> 377.92565 | I12: =IFERROR(STDEV(IF('2. Corrected Calculations'!B5:B40=B12,'2. Corrected Calculations'!G5:G40)),0) -> 0 | J12: =AVERAGEIF('2. Corrected Calculations'!B5:B40,B12,'2. Corrected Calculations'!H5:H40) -> 106.88847 | K12: =IFERROR(STDEV(IF('2. Corrected Calculations'!B5:B40=B12,'2. Corrected Calculations'!H5:H40)),0) -> 0 | L12: =AVERAGEIF('2. Corrected Calculations'!B5:B40,B12,'2. Corrected Calculations'!I5:I40) -> 113.01414 | M12: =IFERROR(STDEV(IF('2. Corrected Calculations'!B5:B40=B12,'2. Corrected Calculations'!I5:I40)),0) -> 0 | N12: =AVERAGEIF('2. Corrected Calculations'!B5:B40,B12,'2. Corrected Calculations'!J5:J40) -> 0.19551368 | O12: =IFERROR(STDEV(IF('2. Corrected Calculations'!B5:B40=B12,'2. Corrected Calculations'!J5:J40)),0) -> 0 | P12: =AVERAGEIF('2. Corrected Calculations'!B5:B40,B12,'2. Corrected Calculations'!K5:K40) -> 0.21510626
A13: Protein | B13: Groundnut Cake | C13: 3 | D13: =AVERAGEIF('2. Corrected Calculations'!B5:B40,B13,'2. Corrected Calculations'!E5:E40) -> 693.25584 | E13: =IFERROR(STDEV(IF('2. Corrected Calculations'!B5:B40=B13,'2. Corrected Calculations'!E5:E40)),0) -> 0 | F13: =AVERAGEIF('2. Corrected Calculations'!B5:B40,B13,'2. Corrected Calculations'!F5:F40) -> 196.59575 | G13: =IFERROR(STDEV(IF('2. Corrected Calculations'!B5:B40=B13,'2. Corrected Calculations'!F5:F40)),0) -> 0 | H13: =AVERAGEIF('2. Corrected Calculations'!B5:B40,B13,'2. Corrected Calculations'!G5:G40) -> 496.66009 | I13: =IFERROR(STDEV(IF('2. Corrected Calculations'!B5:B40=B13,'2. Corrected Calculations'!G5:G40)),0) -> 0 | J13: =AVERAGEIF('2. Corrected Calculations'!B5:B40,B13,'2. Corrected Calculations'!H5:H40) -> 81.481263 | K13: =IFERROR(STDEV(IF('2. Corrected Calculations'!B5:B40=B13,'2. Corrected Calculations'!H5:H40)),0) -> 0 | L13: =AVERAGEIF('2. Corrected Calculations'!B5:B40,B13,'2. Corrected Calculations'!I5:I40) -> 86.106702 | M13: =IFERROR(STDEV(IF('2. Corrected Calculations'!B5:B40=B13,'2. Corrected Calculations'!I5:I40)),0) -> 0 | N13: =AVERAGEIF('2. Corrected Calculations'!B5:B40,B13,'2. Corrected Calculations'!J5:J40) -> 0.11752742 | O13: =IFERROR(STDEV(IF('2. Corrected Calculations'!B5:B40=B13,'2. Corrected Calculations'!J5:J40)),0) -> 0 | P13: =AVERAGEIF('2. Corrected Calculations'!B5:B40,B13,'2. Corrected Calculations'!K5:K40) -> 0.12423626
A14: Protein | B14: Soya Bean Meal | C14: 3 | D14: =AVERAGEIF('2. Corrected Calculations'!B5:B40,B14,'2. Corrected Calculations'!E5:E40) -> 416.04289 | E14: =IFERROR(STDEV(IF('2. Corrected Calculations'!B5:B40=B14,'2. Corrected Calculations'!E5:E40)),0) -> 0 | F14: =AVERAGEIF('2. Corrected Calculations'!B5:B40,B14,'2. Corrected Calculations'!F5:F40) -> 198.66117 | G14: =IFERROR(STDEV(IF('2. Corrected Calculations'!B5:B40=B14,'2. Corrected Calculations'!F5:F40)),0) -> 0 | H14: =AVERAGEIF('2. Corrected Calculations'!B5:B40,B14,'2. Corrected Calculations'!G5:G40) -> 217.38172 | I14: =IFERROR(STDEV(IF('2. Corrected Calculations'!B5:B40=B14,'2. Corrected Calculations'!G5:G40)),0) -> 0 | J14: =AVERAGEIF('2. Corrected Calculations'!B5:B40,B14,'2. Corrected Calculations'!H5:H40) -> 31.679289 | K14: =IFERROR(STDEV(IF('2. Corrected Calculations'!B5:B40=B14,'2. Corrected Calculations'!H5:H40)),0) -> 0 | L14: =AVERAGEIF('2. Corrected Calculations'!B5:B40,B14,'2. Corrected Calculations'!I5:I40) -> 101.39166 | M14: =IFERROR(STDEV(IF('2. Corrected Calculations'!B5:B40=B14,'2. Corrected Calculations'!I5:I40)),0) -> 0 | N14: =AVERAGEIF('2. Corrected Calculations'!B5:B40,B14,'2. Corrected Calculations'!J5:J40) -> 0.076180722 | O14: =IFERROR(STDEV(IF('2. Corrected Calculations'!B5:B40=B14,'2. Corrected Calculations'!J5:J40)),0) -> 0 | P14: =AVERAGEIF('2. Corrected Calculations'!B5:B40,B14,'2. Corrected Calculations'!K5:K40) -> 0.24532477
A16: Fibre Diets
A17: Fibre | B17: Reference | C17: 3 | D17: =AVERAGEIF('2. Corrected Calculations'!B5:B40,B17,'2. Corrected Calculations'!E5:E40) -> 650.84393 | E17: =IFERROR(STDEV(IF('2. Corrected Calculations'!B5:B40=B17,'2. Corrected Calculations'!E5:E40)),0) -> 0 | F17: =AVERAGEIF('2. Corrected Calculations'!B5:B40,B17,'2. Corrected Calculations'!F5:F40) -> 164.826 | G17: =IFERROR(STDEV(IF('2. Corrected Calculations'!B5:B40=B17,'2. Corrected Calculations'!F5:F40)),0) -> 0 | H17: =AVERAGEIF('2. Corrected Calculations'!B5:B40,B17,'2. Corrected Calculations'!G5:G40) -> 486.01793 | I17: =IFERROR(STDEV(IF('2. Corrected Calculations'!B5:B40=B17,'2. Corrected Calculations'!G5:G40)),0) -> 0 | J17: =AVERAGEIF('2. Corrected Calculations'!B5:B40,B17,'2. Corrected Calculations'!H5:H40) -> 79.294777 | K17: =IFERROR(STDEV(IF('2. Corrected Calculations'!B5:B40=B17,'2. Corrected Calculations'!H5:H40)),0) -> 0 | L17: =AVERAGEIF('2. Corrected Calculations'!B5:B40,B17,'2. Corrected Calculations'!I5:I40) -> 129.4833 | M17: =IFERROR(STDEV(IF('2. Corrected Calculations'!B5:B40=B17,'2. Corrected Calculations'!I5:I40)),0) -> 0 | N17: =AVERAGEIF('2. Corrected Calculations'!B5:B40,B17,'2. Corrected Calculations'!J5:J40) -> 0.12180386 | O17: =IFERROR(STDEV(IF('2. Corrected Calculations'!B5:B40=B17,'2. Corrected Calculations'!J5:J40)),0) -> 0 | P17: =AVERAGEIF('2. Corrected Calculations'!B5:B40,B17,'2. Corrected Calculations'!K5:K40) -> 0.19809445
A18: Fibre | B18: Brewers Dried Grain | C18: 3 | D18: =AVERAGEIF('2. Corrected Calculations'!B5:B40,B18,'2. Corrected Calculations'!E5:E40) -> 747.74782 | E18: =IFERROR(STDEV(IF('2. Corrected Calculations'!B5:B40=B18,'2. Corrected Calculations'!E5:E40)),0) -> 0 | F18: =AVERAGEIF('2. Corrected Calculations'!B5:B40,B18,'2. Corrected Calculations'!F5:F40) -> 182.20917 | G18: =IFERROR(STDEV(IF('2. Corrected Calculations'!B5:B40=B18,'2. Corrected Calculations'!F5:F40)),0) -> 0 | H18: =AVERAGEIF('2. Corrected Calculations'!B5:B40,B18,'2. Corrected Calculations'!G5:G40) -> 565.53866 | I18: =IFERROR(STDEV(IF('2. Corrected Calculations'!B5:B40=B18,'2. Corrected Calculations'!G5:G40)),0) -> 0 | J18: =AVERAGEIF('2. Corrected Calculations'!B5:B40,B18,'2. Corrected Calculations'!H5:H40) -> 36.946709 | K18: =IFERROR(STDEV(IF('2. Corrected Calculations'!B5:B40=B18,'2. Corrected Calculations'!H5:H40)),0) -> 0 | L18: =AVERAGEIF('2. Corrected Calculations'!B5:B40,B18,'2. Corrected Calculations'!I5:I40) -> 94.193701 | M18: =IFERROR(STDEV(IF('2. Corrected Calculations'!B5:B40=B18,'2. Corrected Calculations'!I5:I40)),0) -> 0 | N18: =AVERAGEIF('2. Corrected Calculations'!B5:B40,B18,'2. Corrected Calculations'!J5:J40) -> 0.049407381 | O18: =IFERROR(STDEV(IF('2. Corrected Calculations'!B5:B40=B18,'2. Corrected Calculations'!J5:J40)),0) -> 0 | P18: =AVERAGEIF('2. Corrected Calculations'!B5:B40,B18,'2. Corrected Calculations'!K5:K40) -> 0.12590865
A19: Fibre | B19: Wheat Bran | C19: 3 | D19: =AVERAGEIF('2. Corrected Calculations'!B5:B40,B19,'2. Corrected Calculations'!E5:E40) -> 726.85522 | E19: =IFERROR(STDEV(IF('2. Corrected Calculations'!B5:B40=B19,'2. Corrected Calculations'!E5:E40)),0) -> 0 | F19: =AVERAGEIF('2. Corrected Calculations'!B5:B40,B19,'2. Corrected Calculations'!F5:F40) -> 191.95033 | G19: =IFERROR(STDEV(IF('2. Corrected Calculations'!B5:B40=B19,'2. Corrected Calculations'!F5:F40)),0) -> 0 | H19: =AVERAGEIF('2. Corrected Calculations'!B5:B40,B19,'2. Corrected Calculations'!G5:G40) -> 534.90489 | I19: =IFERROR(STDEV(IF('2. Corrected Calculations'!B5:B40=B19,'2. Corrected Calculations'!G5:G40)),0) -> 0 | J19: =AVERAGEIF('2. Corrected Calculations'!B5:B40,B19,'2. Corrected Calculations'!H5:H40) -> 65.616673 | K19: =IFERROR(STDEV(IF('2. Corrected Calculations'!B5:B40=B19,'2. Corrected Calculations'!H5:H40)),0) -> 0 | L19: =AVERAGEIF('2. Corrected Calculations'!B5:B40,B19,'2. Corrected Calculations'!I5:I40) -> 76.491288 | M19: =IFERROR(STDEV(IF('2. Corrected Calculations'!B5:B40=B19,'2. Corrected Calculations'!I5:I40)),0) -> 0 | N19: =AVERAGEIF('2. Corrected Calculations'!B5:B40,B19,'2. Corrected Calculations'!J5:J40) -> 0.090357992 | O19: =IFERROR(STDEV(IF('2. Corrected Calculations'!B5:B40=B19,'2. Corrected Calculations'!J5:J40)),0) -> 0 | P19: =AVERAGEIF('2. Corrected Calculations'!B5:B40,B19,'2. Corrected Calculations'!K5:K40) -> 0.10480087
A20: Fibre | B20: Rice Bran | C20: 3 | D20: =AVERAGEIF('2. Corrected Calculations'!B5:B40,B20,'2. Corrected Calculations'!E5:E40) -> 729.40835 | E20: =IFERROR(STDEV(IF('2. Corrected Calculations'!B5:B40=B20,'2. Corrected Calculations'!E5:E40)),0) -> 0 | F20: =AVERAGEIF('2. Corrected Calculations'!B5:B40,B20,'2. Corrected Calculations'!F5:F40) -> 176.7765 | G20: =IFERROR(STDEV(IF('2. Corrected Calculations'!B5:B40=B20,'2. Corrected Calculations'!F5:F40)),0) -> 0 | H20: =AVERAGEIF('2. Corrected Calculations'!B5:B40,B20,'2. Corrected Calculations'!G5:G40) -> 552.63185 | I20: =IFERROR(STDEV(IF('2. Corrected Calculations'!B5:B40=B20,'2. Corrected Calculations'!G5:G40)),0) -> 0 | J20: =AVERAGEIF('2. Corrected Calculations'!B5:B40,B20,'2. Corrected Calculations'!H5:H40) -> 70.915908 | K20: =IFERROR(STDEV(IF('2. Corrected Calculations'!B5:B40=B20,'2. Corrected Calculations'!H5:H40)),0) -> 0 | L20: =AVERAGEIF('2. Corrected Calculations'!B5:B40,B20,'2. Corrected Calculations'!I5:I40) -> 93.567384 | M20: =IFERROR(STDEV(IF('2. Corrected Calculations'!B5:B40=B20,'2. Corrected Calculations'!I5:I40)),0) -> 0 | N20: =AVERAGEIF('2. Corrected Calculations'!B5:B40,B20,'2. Corrected Calculations'!J5:J40) -> 0.097087244 | O20: =IFERROR(STDEV(IF('2. Corrected Calculations'!B5:B40=B20,'2. Corrected Calculations'!J5:J40)),0) -> 0 | P20: =AVERAGEIF('2. Corrected Calculations'!B5:B40,B20,'2. Corrected Calculations'!K5:K40) -> 0.12828355
A21: Fibre | B21: Corn Bran | C21: 3 | D21: =AVERAGEIF('2. Corrected Calculations'!B5:B40,B21,'2. Corrected Calculations'!E5:E40) -> 682.62101 | E21: =IFERROR(STDEV(IF('2. Corrected Calculations'!B5:B40=B21,'2. Corrected Calculations'!E5:E40)),0) -> 0 | F21: =AVERAGEIF('2. Corrected Calculations'!B5:B40,B21,'2. Corrected Calculations'!F5:F40) -> 189.56108 | G21: =IFERROR(STDEV(IF('2. Corrected Calculations'!B5:B40=B21,'2. Corrected Calculations'!F5:F40)),0) -> 0 | H21: =AVERAGEIF('2. Corrected Calculations'!B5:B40,B21,'2. Corrected Calculations'!G5:G40) -> 493.05993 | I21: =IFERROR(STDEV(IF('2. Corrected Calculations'!B5:B40=B21,'2. Corrected Calculations'!G5:G40)),0) -> 0 | J21: =AVERAGEIF('2. Corrected Calculations'!B5:B40,B21,'2. Corrected Calculations'!H5:H40) -> 75.04385 | K21: =IFERROR(STDEV(IF('2. Corrected Calculations'!B5:B40=B21,'2. Corrected Calculations'!H5:H40)),0) -> 0 | L21: =AVERAGEIF('2. Corrected Calculations'!B5:B40,B21,'2. Corrected Calculations'!I5:I40) -> 104.4828 | M21: =IFERROR(STDEV(IF('2. Corrected Calculations'!B5:B40=B21,'2. Corrected Calculations'!I5:I40)),0) -> 0 | N21: =AVERAGEIF('2. Corrected Calculations'!B5:B40,B21,'2. Corrected Calculations'!J5:J40) -> 0.11005294 | O21: =IFERROR(STDEV(IF('2. Corrected Calculations'!B5:B40=B21,'2. Corrected Calculations'!J5:J40)),0) -> 0 | P21: =AVERAGEIF('2. Corrected Calculations'!B5:B40,B21,'2. Corrected Calculations'!K5:K40) -> 0.15362202
A23: FORMULAE: Mean = AVERAGEIF(DietName_range, diet, value_range) | SD uses array formula =STDEV(IF(DietName_range=diet, value_range)) — enter with Ctrl+Shift+Enter in Excel | REF = Carcass fat (g) × 9.13 kcal/g | REP = Carcass protein (g) × 5.64 kcal/g | n = 3 replicates per diet throughout | Reference: Larbier & Leclercq (1992); van der Klein et al. (2020)

Sheet 4. CST vs Model (T4.10-4.12)
A1: CST vs MATHEMATICAL MODEL COMPARISON — Tables 4.10, 4.11, 4.12 | HP, RE and NEg estimated by CST and nonlinear model
A2: Model Parameters (re-fitted in R, equivalent to SAS PROC NLMIXED)
A3: a (maintenance coeff.) | B3: 93.9781 | C3: b (BW exponent) | D3: 0.6438 | E3: c (growth coeff.) | F3: 23.3313 | G3: d (BW^d) | H3: 1.6229 | I3: e (ADWG^e) | J3: 0.4999
A4: HP_model (kcal/day) = a × BW^b | RE_model (kcal/day) = MEId_obs – HP_model | Δ% = (CST – Model) / CST × 100 [positive = model underestimates]
A5: Model equation | C5: a = | D5: 93.9781 | E5: b = | F5: 0.6438 | G5: c = | H5: 23.3313 | I5: d = | J5: 1.6229 | K5: e = | L5: 0.4999
A7: Group | B7: Diet | C7: Method | D7: BW mean (kg) | E7: ADWG mean (g/day) | F7: MEId obs (kcal/10d) | G7: HP (kcal/10d) | H7: ΔHP (%) | I7: RE (kcal/10d) | J7: ΔRE (%) | K7: NEg (kcal/10d)
A8: Cereal | B8: Reference | C8: CST | D8: 0.0912 | E8: 10.77 | F8: 650.84 | G8: 486.02 | H8: – | I8: 164.83 | J8: – | K8: 164.83
A9: Cereal | C9: Model | D9: 0.0912 | E9: 10.77 | F9: 650.84 | G9: =D5*D9^F5*10 -> 201.12745 | H9: =(G8-G9)/G8*100 -> 58.617455 | I9: =F9-G9 -> 449.71255 | J9: =(I8-I9)/I8*100 -> -172.83417 | K9: =I9 -> 449.71255
A10: Cereal | B10: Maize | C10: CST | D10: 0.087 | E10: 9.61 | F10: 606.02 | G10: 416.12 | H10: – | I10: 189.9 | J10: – | K10: 189.9
A11: Cereal | C11: Model | D11: 0.087 | E11: 9.61 | F11: 606.02 | G11: =D5*D11^F5*10 -> 195.11432 | H11: =(G10-G11)/G10*100 -> 53.111044 | I11: =F11-G11 -> 410.90568 | J11: =(I10-I11)/I10*100 -> -116.38003 | K11: =I11 -> 410.90568
A12: Cereal | B12: Pearl Millet | C12: CST | D12: 0.0953 | E12: 11.06 | F12: 809.88 | G12: 610.35 | H12: – | I12: 199.53 | J12: – | K12: 199.53
A13: Cereal | C13: Model | D13: 0.0953 | E13: 11.06 | F13: 809.88 | G13: =D5*D13^F5*10 -> 206.90294 | H13: =(G12-G13)/G12*100 -> 66.100935 | I13: =F13-G13 -> 602.97706 | J13: =(I12-I13)/I12*100 -> -202.1987 | K13: =I13 -> 602.97706
A14: Cereal | B14: Sorghum | C14: CST | D14: 0.092 | E14: 10.22 | F14: 700.15 | G14: 519.59 | H14: – | I14: 180.56 | J14: – | K14: 180.56
A15: Cereal | C15: Model | D15: 0.092 | E15: 10.22 | F15: 700.15 | G15: =D5*D15^F5*10 -> 202.26152 | H15: =(G14-G15)/G14*100 -> 61.072862 | I15: =F15-G15 -> 497.88848 | J15: =(I14-I15)/I14*100 -> -175.74683 | K15: =I15 -> 497.88848
A16: Cereal | B16: Wheat | C16: CST | D16: 0.0975 | E16: 11.44 | F16: 608.63 | G16: 398.43 | H16: – | I16: 210.2 | J16: – | K16: 210.2
A17: Cereal | C17: Model | D17: 0.0975 | E17: 11.44 | F17: 608.63 | G17: =D5*D17^F5*10 -> 209.96545 | H17: =(G16-G17)/G16*100 -> 47.301798 | I17: =F17-G17 -> 398.66455 | J17: =(I16-I17)/I16*100 -> -89.659635 | K17: =I17 -> 398.66455
A19: Protein | B19: Soya Bean Meal | C19: CST | D19: 0.0885 | E19: 9.73 | F19: 416.04 | G19: 217.38 | H19: – | I19: 198.66 | J19: – | K19: 198.66
A20: Protein | C20: Model | D20: 0.0885 | E20: 9.73 | F20: 416.04 | G20: =D5*D20^F5*10 -> 197.27349 | H20: =(G19-G20)/G19*100 -> 9.2494734 | I20: =F20-G20 -> 218.76651 | J20: =(I19-I20)/I19*100 -> -10.121064 | K20: =I20 -> 218.76651
A21: Protein | B21: Full-Fat Soya | C21: CST | D21: 0.095 | E21: 10.96 | F21: 548.23 | G21: 377.93 | H21: – | I21: 170.31 | J21: – | K21: 170.31
A22: Protein | C22: Model | D22: 0.095 | E22: 10.96 | F22: 548.23 | G22: =D5*D22^F5*10 -> 206.48339 | H22: =(G21-G22)/G21*100 -> 45.364647 | I22: =F22-G22 -> 341.74661 | J22: =(I21-I22)/I21*100 -> -100.66151 | K22: =I22 -> 341.74661
A23: Protein | B23: Groundnut Cake | C23: CST | D23: 0.0907 | E23: 10.14 | F23: 693.26 | G23: 496.66 | H23: – | I23: 196.6 | J23: – | K23: 196.6
A24: Protein | C24: Model | D24: 0.0907 | E24: 10.14 | F24: 693.26 | G24: =D5*D24^F5*10 -> 200.41685 | H24: =(G23-G24)/G23*100 -> 59.647072 | I24: =F24-G24 -> 492.84315 | J24: =(I23-I24)/I23*100 -> -150.68319 | K24: =I24 -> 492.84315
A26: Fibre | B26: Wheat Bran | C26: CST | D26: 0.0913 | E26: 10.68 | F26: 726.86 | G26: 534.9 | H26: – | I26: 191.95 | J26: – | K26: 191.95
A27: Fibre | C27: Model | D27: 0.0913 | E27: 10.68 | F27: 726.86 | G27: =D5*D27^F5*10 -> 201.2694 | H27: =(G26-G27)/G26*100 -> 62.372519 | I27: =F27-G27 -> 525.5906 | J27: =(I26-I27)/I26*100 -> -173.81641 | K27: =I27 -> 525.5906
A28: Fibre | B28: Brewers Dried Grain | C28: CST | D28: 0.0901 | E28: 10.18 | F28: 747.75 | G28: 565.54 | H28: – | I28: 182.21 | J28: – | K28: 182.21
A29: Fibre | C29: Model | D29: 0.0901 | E29: 10.18 | F29: 747.75 | G29: =D5*D29^F5*10 -> 199.56229 | H29: =(G28-G29)/G28*100 -> 64.712966 | I29: =F29-G29 -> 548.18771 | J29: =(I28-I29)/I28*100 -> -200.8549 | K29: =I29 -> 548.18771
A30: Fibre | B30: Rice Bran | C30: CST | D30: 0.09 | E30: 10.44 | F30: 729.41 | G30: 552.63 | H30: – | I30: 176.78 | J30: – | K30: 176.78
A31: Fibre | C31: Model | D31: 0.09 | E31: 10.44 | F31: 729.41 | G31: =D5*D31^F5*10 -> 199.41967 | H31: =(G30-G31)/G30*100 -> 63.914433 | I31: =F31-G31 -> 529.99033 | J31: =(I30-I31)/I30*100 -> -199.8022 | K31: =I31 -> 529.99033
A32: Fibre | B32: Corn Bran | C32: CST | D32: 0.0921 | E32: 10.68 | F32: 682.62 | G32: 493.06 | H32: – | I32: 189.56 | J32: – | K32: 189.56
A33: Fibre | C33: Model | D33: 0.0921 | E33: 10.68 | F33: 682.62 | G33: =D5*D33^F5*10 -> 202.40303 | H33: =(G32-G33)/G32*100 -> 58.949615 | I33: =F33-G33 -> 480.21697 | J33: =(I32-I33)/I32*100 -> -153.33244 | K33: =I33 -> 480.21697
A35: HP_model = a × BW^b × 10 (population mean equation, u_j = 0, ×10 for 10-day period) | RE_model = MEI_obs − HP_model (van der Klein et al., 2020 approach) | Δ% = (CST − Model) / CST × 100 [positive ΔHP = model underestimates; negative ΔRE = model overestimates] | Model parameters (a, b) in red cells row 5 above — change these to update all model predictions automatically

Sheet 5. Assumptions & References
A1: ASSUMPTIONS, CONVERSION FACTORS AND KEY REFERENCES
A2: ENERGY CONVERSION FACTORS (stored here, referenced by Sheet 2)
A3: Fat energy conversion | B3: 9.13 | C3: kcal/g | D3: Larbier & Leclercq (1992). Nutrition and Feeding of Poultry. Nottingham University Press.
A4: Protein energy conversion | B4: 5.64 | C4: kcal/g | D4: Larbier & Leclercq (1992). Nutrition and Feeding of Poultry. Nottingham University Press.
A5: N correction factor | B5: 8.22 | C5: kcal/g N retained | D5: Sibbald (1975); standard MEn correction.
A7: MODEL PARAMETERS (van der Klein et al., 2020 — re-fitted in R for this study)
A8: a (maintenance coefficient) | B8: 93.9781 | C8: kcal/day/kg^b | D8: Fitted: nlme ML, R v4.3.3 (SE=24.46, p=0.0002***)
A9: b (BW scaling exponent) | B9: 0.6438 | C9: – | D9: Fitted: nlme ML (SE=0.072, p<0.001***)
A10: c (growth coefficient) | B10: 23.3313 | C10: kcal/day | D10: Fitted: nlme ML (SE=83.51, p=0.780 ns)
A11: d (BW^d, growth term) | B11: 1.6229 | C11: – | D11: Fitted: nlme ML (SE=0.985, p=0.101 ns)
A12: e (ADWG^e, growth term) | B12: 0.4999 | C12: – | D12: Fitted: nlme ML (SE=0.828, p=0.547 ns)
A13: sigma_u (pen-level SD) | B13: 1.6629 | C13: kcal/day | D13: ICC = 0.875 (87.5% variance between pens)
A14: sigma_e (residual SD) | B14: 0.6272 | C14: kcal/day | D14: AIC=427.70, BIC=450.72, -2LL=413.70
A16: KEY CORRECTIONS MADE TO ORIGINAL DATA
A17: FFS3 GE Excreta | B17: Corrected | C17: 321208.5→1266.75 kcal/kg | D17: Data entry error; corrected to AVERAGE(FFS1,FFS2) via Excel formula
A18: REF conversion | B18: Corrected | C18: 38.2 kJ/g → 9.13 kcal/g | D18: Original used kJ/g values (inflated REF by 4.187×)
A19: REP conversion | B19: Corrected | C19: 23.6 kJ/g → 5.64 kcal/g | D19: Original used kJ/g values (inflated REP by 4.187×)
A20: Table 4.5 Fat % | B20: Corrected | C20: Raw grams reported as % | D20: Fat% = Carc_Fat(g)/BEF(g)×100
A21: Table 4.1 MEI | B21: Corrected | C21: 631.03→650.84 kcal (Ref) | D21: ME recalculated from bomb calorimeter data
A22: Model exponents d,e | B22: Corrected | C22: –0.80,–0.02 → +1.62,+0.50 | D22: Original implied RE decreases with BW — biologically invalid
A23: % difference formula | B23: Corrected | C23: ÷Model → ÷CST | D23: CST is the reference method; denominator must be CST
A25: KEY REFERENCES
A26: van der Klein et al. (2020) | B26: – | C26: Poultry Science 99(6):3237-3250 | D26: Model structure, starting values, methodology
A27: Larbier & Leclercq (1992) | B27: – | C27: Nutrition and Feeding of Poultry | D27: REF/REP conversion factors
A28: Pinheiro & Bates (2000) | B28: – | C28: Mixed-Effects Models in S and S-PLUS | D28: nlme R package methodology
A29: Barzegar et al. (2019) | B29: – | C29: Various journals | D29: Reference diet substitution approach
A30: AOAC (1990) | B30: – | C30: Official Methods of Analysis | D30: Bomb calorimetry, proximate analysis
